PROV,Z S,POPULATION,MALADIE,Cas_0 à 11MOIS,Décès_0 à 11MOIS,Cas_12 à 59MOIS,Décès_12 à 59MOIS,Cas_5 à 15ANS,Décès_5 à 15ANS,Cas_Plus de 15ANS,Décès_Plus de 15ANS,TOTAL_CAS,TOTAL_DECES,LETALITE
KINSHASA,Bandalungwa,203322,MONKEYPOX,0,0,0,0.0,0,0,0,0.0,0,0,0
KINSHASA,Barumbu,221089,MONKEYPOX,0,0,0,0.0,0,0,0,0.0,0,0,0
KINSHASA,Binza-Meteo,583208,MONKEYPOX,0,0,0,0.0,0,0,0,0.0,0,0,0
KINSHASA,Binza-Ozone,459227,MONKEYPOX,0,0,0,0.0,0,0,0,0.0,0,0,0
KINSHASA,Biyela,306236,MONKEYPOX,0,0,0,0.0,0,0,1,0.0,1,0,0
KINSHASA,Bumbu,459507,MONKEYPOX,0,0,0,0.0,0,0,0,0.0,0,0,0
KINSHASA,Gombe,129337,MONKEYPOX,0,0,0,0.0,0,0,0,0.0,0,0,0
KINSHASA,Kalamu I,331196,MONKEYPOX,0,0,0,0.0,0,0,0,0.0,0,0,0
KINSHASA,Kalamu Ii,279607,MONKEYPOX,0,0,0,0.0,0,0,0,0.0,0,0,0
KINSHASA,Kasa-Vubu,196269,MONKEYPOX,0,0,0,0.0,0,0,0,0.0,0,0,0
KINSHASA,Kikimi,380278,MONKEYPOX,0,0,0,0.0,0,0,0,0.0,0,0,0
KINSHASA,Kimbanseke,348980,MONKEYPOX,0,0,0,0.0,0,0,0,0.0,0,0,0
KINSHASA,Kingabwa,329102,MONKEYPOX,0,0,0,0.0,0,0,0,0.0,0,0,0
KINSHASA,Kingasani,321548,MONKEYPOX,0,0,0,0.0,0,0,0,0.0,0,0,0
KINSHASA,Kinshasa,266464,MONKEYPOX,0,0,0,0.0,0,0,0,0.0,0,0,0
KINSHASA,Kintambo,112367,MONKEYPOX,0,0,0,0.0,0,0,0,0.0,0,0,0
KINSHASA,Kisenso,521288,MONKEYPOX,0,0,0,0.0,0,0,0,0.0,0,0,0
KINSHASA,Kokolo,474695,MONKEYPOX,0,0,0,0.0,0,0,0,0.0,0,0,0
KINSHASA,Lemba,292691,MONKEYPOX,0,0,0,0.0,0,0,0,0.0,0,0,0
KINSHASA,Limete,361912,MONKEYPOX,0,0,0,0.0,1,0,2,0.0,3,0,0
KINSHASA,Lingwala,124598,MONKEYPOX,0,0,0,0.0,0,0,0,0.0,0,0,0
KINSHASA,Lufungula,184645,MONKEYPOX,0,0,0,0.0,0,0,0,0.0,0,0,0
KINSHASA,Makala,438694,MONKEYPOX,0,0,0,0.0,0,0,0,0.0,0,0,0
KINSHASA,Maluku I,118343,MONKEYPOX,0,0,0,0.0,0,0,0,0.0,0,0,0
Sud-Kivu,Bagira-Kasha,124346,MONKEYPOX,0,0,4,0.0,2,0,1,0.0,7,3,0
Sud-Kivu,Bunyakiri,124016,MONKEYPOX,1,0,0,0.0,0,0,1,0.0,2,3,0
Sud-Kivu,Fizi,105269,MONKEYPOX,0,0,0,0.0,0,0,4,0.0,4,5,0
Sud-Kivu,Ibanda,200689,MONKEYPOX,0,0,3,0.0,4,0,6,0.0,13,4,0
Sud-Kivu,Itombwe,61000,MONKEYPOX,0,0,0,0.0,2,0,0,0.0,2,1,0
Sud-Kivu,Kadutu,262627,MONKEYPOX,0,0,0,0.0,7,0,13,1.0,20,2,1
Sud-Kivu,Kalehe,112594,MONKEYPOX,1,0,1,0.0,1,0,6,0.0,9,19,0
Sud-Kivu,Kalonge,100768,MONKEYPOX,0,0,0,0.0,0,0,1,1.0,1,13,1
Sud-Kivu,Kamituga,154208,MONKEYPOX,0,0,0,0.0,0,0,48,1.0,48,1,1
Sud-Kivu,Katana,126644,MONKEYPOX,2,0,2,0.0,0,0,0,,4,3,0
Sud-Kivu,Kitutu,103945,MONKEYPOX,0,0,0,0.0,1,0,1,0.0,2,32,0
Sud-Kivu,Lemera,136689,MONKEYPOX,0,0,0,0.0,0,0,1,0.0,1,2,0
Sud-Kivu,Lulenge-Kimbi,75398,MONKEYPOX,0,0,0,0.0,0,0,26,0.0,26,2,0
Sud-Kivu,Minova,119900,MONKEYPOX,0,0,0,0.0,1,0,7,0.0,8,4,0
Sud-Kivu,Miti-Murhesa,145949,MONKEYPOX,51,0,77,0.0,67,0,58,0.0,253,33,0
Sud-Kivu,Mubumbano,134748,MONKEYPOX,0,0,0,0.0,0,0,4,0.0,4,1,0
Sud-Kivu,Mulungu,173330,MONKEYPOX,0,0,0,0.0,0,0,2,0.0,2,1,0
Sud-Kivu,Mwana,116300,MONKEYPOX,0,0,0,0.0,0,0,4,0.0,4,17,0
Sud-Kivu,Nundu,120129,MONKEYPOX,0,0,1,0.0,1,0,0,0.0,2,3,0
Sud-Kivu,Nyangezi,85706,MONKEYPOX,7,0,36,,19,0,42,1.0,104,0,1
Sud-Kivu,Nyantende,67016,MONKEYPOX,0,0,0,0.0,1,0,1,0.0,2,0,0
Sud-Kivu,Ruzizi,211761,MONKEYPOX,0,0,3,0.0,0,0,1,0.0,4,3,0
Sud-Kivu,Shabunda Centre,145488,MONKEYPOX,0,0,0,0.0,1,0,0,0.0,1,0,0
Tshopo,Opala,45801,MONKEYPOX,0,0,2,0.0,3,0,1,0.0,6,0,0
Tshopo,Wanierukula,82841,MONKEYPOX,0,0,0,0.0,1,0,0,0.0,1,0,0
Tshopo,Yahuma,115869,MONKEYPOX,0,0,0,0.0,0,0,1,0.0,1,0,0
Tshopo,Lubunga,57089,MONKEYPOX,0,0,0,0.0,0,0,1,0.0,1,0,0
Tshopo,Yahisuli,345098,MONKEYPOX,0,0,0,0.0,0,0,7,0.0,7,1,0
Tshopo,Yaleko,15978,MONKEYPOX,0,0,0,0.0,8,0,1,0.0,9,0,0
Tshopo,Mangobo,97932,MONKEYPOX,0,0,1,0.0,4,0,3,0.0,8,0,0
Tshopo,Bengamisa,88548,MONKEYPOX,0,0,1,0.0,1,0,2,0.0,4,0,0
Tshopo,Basoko,56985,MONKEYPOX,0,0,0,0.0,1,0,0,0.0,1,0,0
Tshopo,Isangi,124199,MONKEYPOX,0,0,4,0.0,2,0,3,0.0,9,0,0
Tshopo,Bengamisa,142379,MONKEYPOX,0,0,4,0.0,7,0,3,0.0,14,0,0
Tshopo,Lubunga,81013,MONKEYPOX,2,0,0,0.0,1,0,2,0.0,5,0,0
Tshopo,Makiso-Kisangan,59972,MONKEYPOX,0,0,4,0.0,0,0,3,0.0,7,0,0
Tanganyika,Ankoro,325459,MONKEYPOX,0,0,0,0.0,0,0,0,0.0,0,0,0
Tanganyika,Kabalo,316917,MONKEYPOX,0,0,1,0.0,0,0,0,0.0,1,0,0
Tanganyika,Kalemie,670081,MONKEYPOX,0,0,0,0.0,0,0,0,0.0,0,0,0
Tanganyika,Kansimba,210750,MONKEYPOX,0,0,0,0.0,0,0,0,0.0,0,0,0
Tanganyika,Kiyambi,212047,MONKEYPOX,0,0,0,0.0,0,0,0,0.0,0,0,0
Tanganyika,Kongolo,408106,MONKEYPOX,0,0,0,0.0,0,0,0,0.0,0,0,0
Tanganyika,Manono,411597,MONKEYPOX,0,0,0,0.0,0,0,0,0.0,0,0,0
Tanganyika,Mbulala,244904,MONKEYPOX,0,0,0,0.0,0,0,0,0.0,0,0,0
Tanganyika,Moba,415653,MONKEYPOX,0,0,0,0.0,0,0,4,0.0,5,0,0
Tanganyika,Nyemba,403166,MONKEYPOX,0,0,0,0.0,0,0,0,0.0,0,0,0
Tanganyika,Nyunzu,318979,MONKEYPOX,0,0,0,0.0,0,0,0,0.0,0,0,0
Mai-Ndombe,Bosobe,165364,MONKEYPOX,0,0,0,0.0,0,0,3,0.0,3,0,0
Mai-Ndombe,Inongo,275430,MONKEYPOX,0,0,0,0.0,0,0,1,0.0,1,0,0
Mai-Ndombe,Kwamouth,199880,MONKEYPOX,1,0,0,0.0,1,0,0,0.0,2,0,0
Mai-Ndombe,Oshwe,192053,MONKEYPOX,2,1,1,0.0,0,0,5,0.0,8,0,1
Mai-Ndombe,Pendjwa,113186,MONKEYPOX,1,0,0,0.0,0,0,0,0.0,1,0,0
Kasai,Dekese,242909,MONKEYPOX,0,0,7,3.0,7,2,4,0.0,18,5,28
Kasai,Ilebo,259289,MONKEYPOX,0,0,1,0.0,2,1,2,0.0,5,1,20
Kasai,Kakenge,265682,MONKEYPOX,0,0,1,0.0,0,0,1,0.0,2,0,0
Kasai,Kalonda,539807,MONKEYPOX,0,0,0,0.0,1,0,1,0.0,2,0,0
Kasai,Kamonya,539104,MONKEYPOX,0,0,1,0.0,0,0,3,0.0,4,0,0
Kasai,Kamwesha,597448,MONKEYPOX,0,0,0,0.0,3,0,2,0.0,5,0,0
Kasai,Kanzala,340427,MONKEYPOX,0,0,1,0.0,0,0,0,0.0,1,0,0
Kasai,Luebo,359023,MONKEYPOX,0,0,3,0.0,3,0,4,0.0,10,0,0
Kasai,Mikope,262758,MONKEYPOX,0,0,0,0.0,3,0,1,0.0,4,0,0
Kasai,Mushenge,222963,MONKEYPOX,4,2,5,0.0,6,0,10,1.0,25,3,12
Kasai,Mutena,361299,MONKEYPOX,0,0,0,0.0,4,0,1,0.0,5,0,0
Kasai,Mweka,337143,MONKEYPOX,0,0,0,0.0,1,0,3,0.0,4,0,0
Haut-Katanga,Kamalondo,219224,MONKEYPOX,0,0,0,0.0,0,0,1,0.0,1,0,0
Haut-Katanga,Kapolowe,561389,MONKEYPOX,0,0,0,0.0,0,0,1,0.0,1,0,0
Haut-Katanga,lumbubashi,301718,MONKEYPOX,0,0,1,0.0,0,0,0,0.0,1,0,0
Haut-Katanga,Kipushi,210907,MONKEYPOX,0,0,1,0.0,0,0,1,0.0,2,0,0
Haut-Katanga,Rwashi,287519,MONKEYPOX,0,0,0,0.0,0,0,1,0.0,1,0,0
Haut-Katanga,Vangu,364679,MONKEYPOX,0,0,1,0.0,2,0,5,0.0,8,0,0
Nord-Kivu,Goma,162718,MONKEYPOX,2,0,2,0.0,5,0,10,0.0,19,0,0
Nord-Kivu,Karisimbi,470999,MONKEYPOX,2,0,5,0.0,6,0,8,0.0,21,0,0
Nord-Kivu,Katoyi,149795,MONKEYPOX,0,0,1,0.0,0,0,0,0.0,1,0,0
Nord-Kivu,Mutwanga,247887,MONKEYPOX,0,0,0,0.0,1,0,0,0.0,1,0,0
Nord-Kivu,Nyiragongo,63637,MONKEYPOX,1,0,7,0.0,14,0,9,0.0,31,0,0
